request_id,source_line,scheduled_arrival_s,actual_send_s,target_input_tokens,target_output_tokens,input_tokens,output_tokens,status,latency_s,error
1,18964,0.5297,0.5311,3118,15,3118,15,200,0.1188,
2,3413,2.3724,2.3749,901,206,901,206,200,0.433,
3,773,4.02,4.0215,3118,21,3118,21,200,0.0702,
4,21932,6.5377,6.5405,3203,18,3203,18,200,0.0683,
5,8469,8.9545,8.9574,1676,598,1676,598,200,1.3092,
6,7568,10.0423,10.0436,1116,385,1116,385,200,0.824,
7,6954,11.2351,11.2363,3181,21,3181,21,200,0.0771,
8,4234,11.8871,11.8893,2171,747,2171,747,200,1.635,
9,21807,15.9568,15.9601,3259,25,3259,25,200,0.0873,
10,3131,18.8011,18.8023,1159,316,1159,316,200,0.6785,
11,20038,19.149,19.1513,3140,22,3140,22,200,0.0792,
12,21912,20.2475,20.2485,3415,22,3415,22,200,0.0756,
13,16262,20.8986,20.9004,2178,56,2178,56,200,0.1425,
14,2667,21.3835,21.3847,3129,17,3129,17,200,0.064,
15,17603,24.2671,24.2709,1109,423,1109,423,200,0.9934,
16,12588,24.4827,24.4831,1690,511,1690,511,200,1.2121,
17,1022,25.4386,25.4407,896,286,896,286,200,0.6234,
18,934,26.328,26.3288,2207,32,2207,32,200,0.0947,
19,2886,27.171,27.1724,894,445,894,445,200,0.9607,
20,6831,27.7855,27.7866,895,338,895,338,200,0.736,
